client_id,total_spent,avg_transaction,num_transactions,spent_АЗС,spent_Едим_дома,spent_Играем_дома,spent_Кафе_и_рестораны,spent_Кино,spent_Косметика_и_Парфюмерия,spent_Продукты_питания,spent_Смотрим_дома,spent_Такси,transfers_in,transfers_out,spent_Отели,spent_Путешествия,spent_Развлечения,spent_Авто,spent_Мебель,spent_Одежда_и_обувь,spent_Подарки,spent_Ремонт_дома,spent_Спорт,spent_Ювелирные_украшения
10,2919534.7399999998,9731.782466666666,300,231418.66,146009.62,115777.37,486288.59,126490.08,529593.8099999999,933185.79,151834.77,198936.05,1978310.0699999998,8538828.010000002,,,,,,,,,,
11,2980127.69,9933.758966666666,300,182670.24,133567.78,176572.9,418663.99,137445.63,649007.84,906326.25,146424.72,229448.34,2018248.0300000003,8003796.529999999,,,,,,,,,,
12,2645954.59,8819.848633333333,300,250371.27,178864.5,118092.17,457488.61,160315.94,406010.97000000003,669914.31,136921.62,267975.2,2101563.25,8245551.47,,,,,,,,,,
13,1770184.14,5900.6138,300,97764.44,233223.62,184858.12,294422.12,102483.41,,463443.56,148289.56,114316.44,652040.0499999999,6183020.26,67383.33,60657.67,3341.87,,,,,,,
14,2107727.4,7025.758,300,175944.25,271070.26,208571.43,348266.11,47716.22,,673180.85,214861.56,168116.72,1694597.6800000002,8183960.96,,,,,,,,,,
15,2185037.4299999997,7283.458099999999,300,133817.21,229167.69,208545.2,409136.65,102316.81,,763742.59,143666.23,194645.05,1693833.7999999998,8520872.79,,,,,,,,,,
16,1696713.55,5655.711833333334,300,62533.53,264133.05,142636.86,300121.06,88627.99,,371021.81,168044.82,146158.71,648430.0399999999,5795598.89,46071.1,105053.24,2311.38,,,,,,,
17,2111508.3,7038.360999999999,300,163441.13,229156.99,193521.76,435343.3,116350.51,,621877.03,168417.5,183400.08000000002,1741135.6800000004,8232024.8100000005,,,,,,,,,,
18,2345575.0,7818.583333333333,300,202593.38999999998,304038.74,133859.74,360110.73,109727.57,,940765.74,119857.46,174621.63,1614104.74,8027250.45,,,,,,,,,,
19,2278408.29,7594.6943,300,185323.07,137274.24,176406.99,481079.97,159762.59,,723007.41,190954.73,224599.29,3310582.9,14302668.48,,,,,,,,,,
1,2626914.2700000005,8756.380900000002,300,153233.34,174639.02,153302.41,518757.59,175385.46,,645267.06,155434.44,232520.11,1875090.6400000001,6722190.4,134087.07,275433.72,8854.05,,,,,,,
20,2213085.9899999998,7376.953299999999,300,96467.27,150345.38,163315.86,529111.27,184174.53,,652076.02,167493.21,270102.45,3071744.6399999997,12850251.009999998,,,,,,,,,,
21,2217035.4400000004,7390.118133333334,300,93380.24,150931.71,140575.42,535636.58,175285.52,,685948.29,186871.71,248405.97,3489616.7599999993,13955230.34,,,,,,,,,,
22,2306259.87,7687.5329,300,101345.41,138749.99,167306.88,481365.51,222662.29,,741506.91,177541.22,275781.66,3127410.24,12555440.34,,,,,,,,,,
23,2318452.2,7728.174000000001,300,179132.71,110437.83,150454.98,518071.45,171860.22,,757229.31,165802.98,265462.72,5223742.63,12537936.66,,,,,,,,,,
24,2507738.85,8359.129500000001,300,186830.91999999998,166538.66,100876.93000000001,546538.4400000001,175878.93,,879653.85,191645.55,259775.57,3550000.78,13583688.399999999,,,,,,,,,,
25,2240111.3899999997,7467.037966666666,300,175295.05,215570.58,138862.44,434371.47,136428.18,,676328.15,151844.44,311411.08,1855648.7599999995,6536597.23,,,,,,,,,,
26,2713364.15,9044.547166666667,300,201951.79,136738.47,158617.78,458054.7,180061.2,,640303.74,185397.78,306369.26,1709209.99,6681134.7299999995,146246.03,275849.7,23773.7,,,,,,,
27,2549432.4899999998,8498.1083,300,85724.95000000001,163252.51,124264.89,575846.43,159452.23,,715010.52,135712.0,282136.77,1391866.82,6666908.720000001,134771.35,138624.27000000002,34636.57,,,,,,,
28,2501490.65,8338.302166666666,300,149140.07,156564.21,157793.3,472546.38,176449.94,,670120.92,121525.09,264128.54,1671967.87,6621473.8100000005,203146.35,91899.54999999999,38176.3,,,,,,,
29,2679103.33,8930.344433333334,300,157269.7,168495.66,123284.25,513020.12,95645.93,,896214.89,134452.8,318593.89,1299141.59,6411909.47,175328.0,96798.09,,,,,,,,
2,2623272.3200000003,8744.241066666667,300,178436.7,188915.05,135661.41,514370.07,149449.46,,859626.84,148335.71,214919.38999999998,1646273.33,6636050.47,161099.23,61875.4,10583.06,,,,,,,
30,2790495.49,9301.651633333335,300,154940.86,109586.49,174357.04,547863.26,127883.66,,889618.38,149075.01,305230.19,1935852.5399999998,6482848.91,158742.55,165132.74,8065.31,,,,,,,
31,2343208.89,7810.6963000000005,300,247097.47,134902.32,173909.04,529320.66,135584.34,,662092.29,165506.96,294795.81,1652209.5499999998,6927497.33,,,,,,,,,,
32,3058337.9699999997,10194.4599,300,113223.29,191462.67,116584.73,1177735.04,179676.92,,820872.07,159120.0,299663.25,2995477.8699999996,6276271.33,,,,,,,,,,
33,2478795.6399999997,8262.652133333333,300,184962.49,172249.56,148240.92,509099.52,138677.34,,903668.12,184875.41999999998,237022.27,1737311.58,6440893.74,,,,,,,,,,
34,2288806.8200000003,7629.356066666668,300,85116.38,145961.91,184919.99,450199.9,139769.42,,808222.71,204714.12,269902.39,1579173.05,6544941.02,,,,,,,,,,
35,2980670.7100000004,9935.569033333335,300,151296.69,136283.53,128484.83,1108157.18,171360.76,,805992.06,171870.66,307225.0,2562303.25,5988718.389999999,,,,,,,,,,
36,2202825.35,7342.751166666667,300,119618.5,193635.07,197415.99,396270.42,148297.71,,723854.81,156826.06,266906.79,1558604.04,6378136.92,,,,,,,,,,
37,2290848.1000000006,7636.160333333335,300,95939.70999999999,172399.95,201479.44,440337.92,133883.44,,856357.09,156734.25,233716.3,1940153.89,6354348.66,,,,,,,,,,
38,2985934.29,9953.1143,300,211893.45,175388.63999999998,208279.7,1061918.44,112177.56,,740053.6,172007.97,304214.93,2857739.8200000003,5910999.390000001,,,,,,,,,,
39,2220579.9,7401.933,300,24204.79,184101.97,136862.83,498659.07,224818.89,,664185.05,240738.01,247009.29,1631259.86,6481767.49,,,,,,,,,,
3,1637265.3,5457.551,300,106816.58,126805.55,161278.82,311980.22,114144.37,,452990.57,163276.55,198998.99,690885.1699999999,3526821.01,154.04,781.1500000000001,38.46,,,,,,,
40,2460599.11,8201.997033333333,300,72412.77,212392.93,134326.65,593461.26,119405.62,,893488.52,130194.06,304917.3,1783795.6700000002,5945628.8,,,,,,,,,,
41,2407369.8,8024.566,300,110694.1,120011.22,158052.18,517690.41000000003,238567.41,,852477.58,160622.11,249254.79,1649794.9600000002,6527047.1899999995,,,,,,,,,,
42,3160080.32,10533.601066666666,300,120492.81,133426.11,174261.8,1194562.64,206573.7,,851849.75,134837.61,344075.9,2907170.75,5665014.74,,,,,,,,,,
43,2317149.5599999996,7723.8318666666655,300,141541.12,146877.55,184512.52,419904.74,177599.26,,851302.44,178040.07,217371.86000000002,1734799.88,6843584.85,,,,,,,,,,
44,2227734.3200000003,7425.781066666667,300,72173.84,149954.72,180033.88,446361.16000000003,143519.68,,832844.2,147113.05,255733.79,1738021.7200000002,7873964.139999999,,,,,,,,,,
45,9307653.88,31025.512933333335,300,,131343.97,,1264161.98,2708.77,737486.91,864066.46,111564.19,,1735055.09,7572598.79,384755.74,,,228330.57,917171.86,797563.6,550629.44,1391793.47,621808.26,1304268.6600000001
46,2305527.42,7685.091399999999,300,100451.7,204532.72,164035.89,454632.55,130883.4,,825322.54,195887.71,229780.91,1810997.26,7432989.17,,,,,,,,,,
47,2496282.65,8320.942166666666,300,151366.94,163738.9,124933.64,441531.83,128971.87,,895964.51,139062.69,276636.02,1701694.04,7359489.98,94220.89,79855.36,,,,,,,,
48,2226464.5300000003,7421.548433333334,300,154084.32,205996.97,166279.13,490663.63,150948.19,,665090.6,122170.83,271230.86,1500489.58,7779270.699999999,,,,,,,,,,
49,2722336.35,9074.4545,300,53059.79,185075.15,129329.25,603792.5,192434.72,,794841.94,120417.78,255498.25,2486275.24,9359067.39,181758.15000000002,181809.84,24318.98,,,,,,,
4,2540993.42,8469.978066666667,300,154919.1,169466.04,99334.97,522895.33999999997,137915.94,,646006.97,182876.73,247443.1,1786681.1600000001,6103937.34,140907.3,225775.09,13452.84,,,,,,,
50,3021238.33,10070.794433333334,300,161317.38,133769.46,171562.03,961464.73,214598.61,,865997.11,161886.38,350642.63,3428311.56,8727074.899999999,,,,,,,,,,
51,2304969.0,7683.23,300,218971.49,210775.92,197196.98,427785.93,140993.98,,714408.1,152285.82,242550.78,2717419.74,10055190.38,,,,,,,,,,
52,2873027.9699999997,9576.7599,300,74623.2,169396.98,123337.43,940575.11,156278.4,,847744.31,130468.34,430604.2,3879459.8899999997,8964049.29,,,,,,,,,,
53,2291818.06,7639.393533333334,300,141194.94,203271.71,165529.0,552325.07,56856.95,,725480.28,132153.6,315006.51,2122626.83,8495129.85,,,,,,,,,,
54,3869393.4200000004,12897.978066666668,300,181374.44,166087.88,121734.25,1161255.28,129560.26,,903535.83,132812.02,360848.91,3802324.34,9146329.0,543000.99,153576.18,15607.38,,,,,,,
55,2724736.9,9082.456333333334,300,63777.71000000001,191937.85,152322.05,852621.66,160122.29,,855245.3,137405.98,311304.06,6309647.340000001,10338972.309999999,,,,,,,,,,
56,2738667.15,9128.8905,300,161763.76,139067.38,179500.84,541118.92,109659.84,,826214.65,189311.8,211080.97,6106146.35,9784725.68,224207.33000000002,146637.4,10104.26,,,,,,,
57,3007664.49,10025.5483,300,134643.77,148494.03,190789.67,1065348.95,161812.51,,846678.47,153862.2,306034.89,7709358.489999998,9330950.52,,,,,,,,,,
58,2437131.3,8123.771,300,123720.87,178752.22,180956.35,443005.61,212897.21,,928688.83,154530.59,214579.62,5547435.71,9415341.96,,,,,,,,,,
59,3091907.06,10306.356866666667,300,233195.38,262433.06,165286.01,948784.95,110377.53,,1006297.39,121574.17,243958.57,5945447.78,9805016.1,,,,,,,,,,
5,2703671.0,9012.236666666666,300,232743.74,151842.45,232042.73,423960.99,130928.1,,709598.45,156057.11,285347.86,1746521.4000000001,6200126.040000001,177996.45,177605.87,25547.25,,,,,,,
60,2299781.6799999997,7665.938933333332,300,156160.9,153060.62,157907.13,549140.41,149580.25,,713520.23,163666.2,256745.94,4899196.390000001,10259895.870000001,,,,,,,,,,
6,2670256.87,8900.856233333334,300,94236.6,143740.77,148986.15,562401.08,157880.27,,818632.32,132743.35,273678.05,1828401.3400000003,6432809.25,189746.91999999998,124090.09999999999,24121.26,,,,,,,
7,2701821.8900000006,9006.072966666668,300,195545.89,170273.36000000002,200163.54,449690.57,150285.89,422681.96,767096.37,110980.1,235104.21,1798855.6199999999,8422453.4,,,,,,,,,,
8,3215125.84,10717.086133333332,300,231431.28,148485.77,185919.66,519213.7,102316.5,753653.76,854310.51,184265.31,235529.35,2044952.12,8494299.18,,,,,,,,,,
9,2823888.9,9412.963,300,162496.13,157564.98,105083.09,418366.5,130943.52,540938.59,885922.57,199293.68,223279.84,1783301.11,8565700.190000001,,,,,,,,,,
